No.,ID,TIMESTAMP
1,4557,1778592320391
2,5317,1778592321391
3,12086,1778592322393
4,24313,1778592323394
5,1793,1778592324395
6,4270,1778592325396
7,18639,1778592326398
8,25595,1778592327398
9,3827,1778592328400
10,3940,1778592329402
11,1572,1778592330404
12,23421,1778592331404
13,11993,1778592332407
14,22499,1778592333409
15,5413,1778592334410
16,13138,1778592335413
17,29560,1778592336413
18,25854,1778592337415
19,5439,1778592338417
20,11679,1778592339418
21,10271,1778592340418
22,22964,1778592341419
23,3869,1778592342420
24,21810,1778592343422
25,2164,1778592344423
26,25294,1778592345424
27,15106,1778592346425
28,13149,1778592347426
29,6858,1778592348428
30,13911,1778592349429
31,2299,1778592350429
32,20566,1778592351431
33,13124,1778592352430
34,24164,1778592353432
35,10645,1778592354435
36,29650,1778592355436
37,18480,1778592356438
38,28758,1778592357438
39,25059,1778592358441
40,13817,1778592359442
41,24841,1778592360443
42,285,1778592361444
43,26886,1778592362445
44,20168,1778592363446
45,6526,1778592364446
46,2656,1778592365447
47,19547,1778592366448
48,14666,1778592367449
49,29004,1778592368449
50,16057,1778592369450
51,4432,1778592370450
52,8269,1778592371452
53,769,1778592372453
54,17317,1778592373454
55,192,1778592374454
56,2749,1778592375455
57,25282,1778592376455
58,21139,1778592377456
59,5378,1778592378458
60,24797,1778592379458
61,19690,1778592380459
62,17190,1778592381459
63,7915,1778592382460
64,26656,1778592383462
65,878,1778592384461
66,3482,1778592385462
67,16077,1778592386463
68,8597,1778592387463
69,21840,1778592388463
70,7992,1778592389464
71,1451,1778592390465
72,16727,1778592391466
73,29514,1778592392466
74,27898,1778592393467
75,24177,1778592394467
76,10303,1778592395467
77,689,1778592396468
78,24600,1778592397469
79,17873,1778592398469
80,1059,1778592399468
81,19765,1778592400470
82,25359,1778592401470
83,3790,1778592402471
84,22144,1778592403472
85,2552,1778592404473
86,3800,1778592405474
87,4153,1778592406476
88,23869,1778592407477
89,2725,1778592408478
90,20169,1778592409479
91,13283,1778592410480
92,8595,1778592411480
93,1396,1778592412481
94,6051,1778592413483
95,29376,1778592414483
96,25802,1778592415484
97,22929,1778592416484
98,1582,1778592417485
99,20988,1778592418488
100,19305,1778592419488
101,8035,1778592420491
102,23192,1778592421492
103,14683,1778592422493
104,27202,1778592423494
105,29743,1778592424494
106,19162,1778592425495
107,27965,1778592426496
108,11490,1778592427498
109,7295,1778592428499
110,6716,1778592429499
111,3556,1778592430500
112,27501,1778592431502
113,21138,1778592432504
114,24178,1778592433504
115,4984,1778592434505
116,16103,1778592435506
117,17924,1778592436506
118,17270,1778592437507
119,1541,1778592438509
120,11437,1778592439509
121,13273,1778592440509
122,23921,1778592441510
123,4796,1778592442511
124,25825,1778592443512
125,14089,1778592444513
126,9219,1778592445514
127,3638,1778592446514
128,10583,1778592447515
129,13283,1778592448516
130,24796,1778592449515
131,17362,1778592450517
132,5019,1778592451518
133,21365,1778592452517
134,5376,1778592453517
135,16089,1778592454517
136,4776,1778592455518
137,29493,1778592456518
138,18594,1778592457520
139,18942,1778592458520
140,19613,1778592459521
141,29164,1778592460522
142,22270,1778592461522
143,5898,1778592462523
144,5155,1778592463524
145,10244,1778592464525
146,3112,1778592465526
147,28344,1778592466527
148,11516,1778592467527
149,4800,1778592468528
150,23335,1778592469528
151,15425,1778592470527
152,24627,1778592471528
153,19089,1778592472529
154,18570,1778592473530
155,23470,1778592474531
156,22487,1778592475532
157,20553,1778592476533
158,7818,1778592477534
159,21989,1778592478535
160,16770,1778592479535
161,13085,1778592480536
162,15909,1778592481537
163,25199,1778592482537
164,11359,1778592483538
165,12153,1778592484539
166,14115,1778592485539
167,25042,1778592486539
168,14285,1778592487540
169,29475,1778592488540
170,16969,1778592489541
171,6814,1778592490542
172,1796,1778592491542
173,19739,1778592492543
174,1739,1778592493545
175,27715,1778592494544
176,27132,1778592495546
177,22021,1778592496546
178,29103,1778592497547
179,10854,1778592498548
180,14596,1778592499549
181,27391,1778592500548
182,15510,1778592501548
183,28999,1778592502550
184,18470,1778592503551
185,29539,1778592504552
186,10597,1778592505553
187,13835,1778592506553
188,10470,1778592507554
189,1455,1778592508555
190,25863,1778592509556
191,17129,1778592510557
192,29185,1778592511556
193,10470,1778592512558
194,20177,1778592513560
195,29632,1778592514560
196,7404,1778592515561
197,25486,1778592516562
198,17685,1778592517564
199,15111,1778592518565
200,14076,1778592519566
